Workbook

Sheet Roster
A1: JADWAL DINAS ATC TWR — MEDIUM KATEGORI — 06/2026
A3: EMP_ID | B3: NAMA | C3: INITIAL | D3: SEKTOR | E3: 1 SEN | F3: 2 SEL | G3: 3 RAB | H3: 4 KAM | I3: 5 JUM | J3: 6 SAB | K3: 7 MIN | L3: 8 SEN | M3: 9 SEL | N3: 10 RAB | O3: 11 KAM | P3: 12 JUM | Q3: 13 SAB | R3: 14 MIN | S3: 15 SEN | T3: 16 SEL | U3: 17 RAB | V3: 18 KAM | W3: 19 JUM | X3: 20 SAB | Y3: 21 MIN | Z3: 22 SEN | AA3: 23 SEL | AB3: 24 RAB | AC3: 25 KAM | AD3: 26 JUM | AE3: 27 SAB | AF3: 28 MIN | AG3: 29 SEN | AH3: 30 SEL | AI3: TOTAL_JAM | AJ3: JML_S1 | AK3: JML_S2 | AL3: JML_OFF | AM3: JML_CUTI
A4: T01 | B4: Ahmad Fauzi | C4: AF | D4: TWR | E4: Pt2/C | F4: St1/C | G4: St2/A | H4: St1/A | I4: OFF | J4: St1/C | K4: CUTI | L4: CUTI | M4: Pt2/C | N4: Pt1/C | O4: Pt2/A | P4: Pt1/A | Q4: St2/C | R4: St1/C | S4: OFF | T4: Pt1/A | U4: St2/C | V4: St1/C | W4: St2/A | X4: St1/A | Y4: St2/C | Z4: OFF | AA4: Pt2/A | AB4: Pt1/A | AC4: Pt2/C | AD4: OFF | AE4: Pt2/A | AF4: Pt1/A | AG4: Pt2/C | AH4: Pt1/C | AI4: 216 | AJ4: 13 | AK4: 11 | AL4: 4 | AM4: 2
A5: T02 | B5: Budi Santoso | C5: BS | D5: TWR | E5: St1/C | F5: St2/A | G5: St1/A | H5: St2/C | I5: IELP | J5: IELP | K5: St1/A | L5: St2/C | M5: St1/C | N5: OFF | O5: Pt1/A | P5: St2/C | Q5: St1/C | R5: St2/A | S5: OFF | T5: Pt2/C | U5: Pt1/C | V5: CUTI | W5: CUTI | X5: CUTI | Y5: Pt1/C | Z5: St2/A | AA5: St1/A | AB5: St2/C | AC5: St1/C | AD5: St2/A | AE5: OFF | AF5: Pt2/C | AG5: St1/C | AH5: St2/A | AI5: 198 | AJ5: 5 | AK5: 17 | AL5: 3 | AM5: 5
A6: T03 | B6: Citra Dewi | C6: CD | D6: TWR | E6: Pt2/A | F6: Pt1/A | G6: Pt2/C | H6: Pt1/C | I6: Pt2/A | J6: St1/A | K6: OFF | L6: Pt1/C | M6: Pt2/A | N6: St1/A | O6: OFF | P6: Pt1/C | Q6: St2/A | R6: St1/A | S6: St2/C | T6: St1/C | U6: OFF | V6: Pt1/A | W6: Pt2/C | X6: Pt1/C | Y6: Pt2/A | Z6: Pt1/A | AA6: St2/C | AB6: OFF | AC6: Pt2/A | AD6: OFF | AE6: Pt2/C | AF6: DIKLAT | AG6: DIKLAT | AH6: St1/A | AI6: 207 | AJ6: 15 | AK6: 8 | AL6: 5 | AM6: 2
A7: T04 | B7: Dian Permana | C7: DP | D7: TWR | E7: Pt1/A | F7: St2/C | G7: St1/C | H7: St2/A | I7: St1/A | J7: SAKIT | K7: SAKIT | L7: St2/A | M7: St1/A | N7: St2/C | O7: St1/C | P7: St2/A | Q7: St1/A | R7: OFF | S7: OFF | T7: OFF | U7: Pt1/A | V7: Pt2/C | W7: Pt1/C | X7: Pt2/A | Y7: Pt1/A | Z7: Pt2/C | AA7: OFF | AB7: St2/A | AC7: St1/A | AD7: St2/C | AE7: St1/C | AF7: St2/A | AG7: OFF | AH7: Pt2/C | AI7: 207 | AJ7: 8 | AK7: 15 | AL7: 5 | AM7: 2
A8: T05 | B8: Eka Saputra | C8: ES | D8: TWR | E8: Pt2/C | F8: St1/C | G8: St2/A | H8: St1/A | I8: St2/C | J8: CUTI | K8: CUTI | L8: CUTI | M8: St2/C | N8: St1/C | O8: OFF | P8: Pt1/A | Q8: Pt2/C | R8: St1/C | S8: St2/A | T8: St1/A | U8: St2/C | V8: OFF | W8: Pt2/A | X8: Pt1/A | Y8: St2/C | Z8: St1/C | AA8: St2/A | AB8: St1/A | AC8: OFF | AD8: Pt1/C | AE8: St2/A | AF8: St1/A | AG8: St2/C | AH8: St1/C | AI8: 216 | AJ8: 6 | AK8: 18 | AL8: 3 | AM8: 3
A9: T06 | B9: Farah Nadia | C9: FN | D9: TWR | E9: Pt1/C | F9: Pt2/A | G9: Pt1/A | H9: St2/C | I9: OFF | J9: Pt2/A | K9: Pt1/A | L9: Pt2/C | M9: Pt1/C | N9: Pt2/A | O9: Pt1/A | P9: OFF | Q9: Pt1/C | R9: Pt2/A | S9: Pt1/A | T9: St2/C | U9: St1/C | V9: St2/A | W9: OFF | X9: St2/C | Y9: St1/C | Z9: St2/A | AA9: St1/A | AB9: St2/C | AC9: CUTI | AD9: CUTI | AE9: CUTI | AF9: CUTI | AG9: Pt1/C | AH9: St2/A | AI9: 207 | AJ9: 13 | AK9: 10 | AL9: 3 | AM9: 4
A10: T07 | B10: Gilang Ramadhan | C10: GR | D10: TWR | E10: St2/A | F10: St1/A | G10: St2/C | H10: St1/C | I10: St2/A | J10: St1/A | K10: CUTI | L10: CUTI | M10: St2/A | N10: St1/A | O10: OFF | P10: OFF | Q10: OFF | R10: St1/A | S10: St2/C | T10: St1/C | U10: St2/A | V10: St1/A | W10: St2/C | X10: OFF | Y10: Pt2/A | Z10: St1/A | AA10: St2/C | AB10: St1/C | AC10: St2/A | AD10: St1/A | AE10: OFF | AF10: Pt1/C | AG10: OFF | AH10: Pt1/A | AI10: 198 | AJ10: 3 | AK10: 19 | AL10: 6 | AM10: 2
A11: T08 | B11: Hendra Wijaya | C11: HW | D11: TWR | E11: St1/A | F11: St2/C | G11: St1/C | H11: St2/A | I11: OFF | J11: Pt2/C | K11: St1/C | L11: St2/A | M11: St1/A | N11: St2/C | O11: St1/C | P11: OFF | Q11: St1/A | R11: St2/C | S11: St1/C | T11: OFF | U11: Pt1/A | V11: Pt2/C | W11: St1/C | X11: St2/A | Y11: St1/A | Z11: St2/C | AA11: OFF | AB11: Pt2/A | AC11: St1/A | AD11: St2/C | AE11: St1/C | AF11: OFF | AG11: Pt1/A | AH11: Pt2/C | AI11: 225 | AJ11: 6 | AK11: 19 | AL11: 5 | AM11: 0
A12: T09 | B12: Indah Lestari | C12: IL | D12: TWR | E12: St2/C | F12: St1/C | G12: St2/A | H12: DIKLAT | I12: DIKLAT | J12: Pt1/C | K12: Pt2/A | L12: Pt1/A | M12: Pt2/C | N12: St1/C | O12: St2/A | P12: OFF | Q12: Pt2/C | R12: Pt1/C | S12: Pt2/A | T12: Pt1/A | U12: Pt2/C | V12: Pt1/C | W12: OFF | X12: DIKLAT | Y12: DIKLAT | Z12: DIKLAT | AA12: Pt2/A | AB12: Pt1/A | AC12: St2/C | AD12: St1/C | AE12: St2/A | AF12: St1/A | AG12: OFF | AH12: Pt1/C | AI12: 198 | AJ12: 13 | AK12: 9 | AL12: 3 | AM12: 5
A13: T10 | B13: Joko Prabowo | C13: JP | D13: TWR | E13: OFF | F13: Pt2/A | G13: Pt1/A | H13: CUTI | I13: CUTI | J13: St2/A | K13: St1/A | L13: OFF | M13: Pt1/C | N13: Pt2/A | O13: St1/A | P13: St2/C | Q13: OFF | R13: St2/A | S13: St1/A | T13: St2/C | U13: St1/C | V13: St2/A | W13: St1/A | X13: OFF | Y13: Pt1/C | Z13: St2/A | AA13: St1/A | AB13: IELP | AC13: IELP | AD13: Pt2/A | AE13: St1/A | AF13: St2/C | AG13: St1/C | AH13: St2/A | AI13: 198 | AJ13: 6 | AK13: 16 | AL13: 4 | AM13: 4
A14: A01 | B14: Kartika Sari | C14: KS | D14: APP | E14: St2/A | F14: OFF | G14: St2/C | H14: DIKLAT | I14: DIKLAT | J14: DIKLAT | K14: DIKLAT | L14: DIKLAT | M14: St2/A | N14: St1/A | O14: St2/C | P14: St1/C | Q14: OFF | R14: Pt1/A | S14: Pt2/C | T14: Pt1/C | U14: Pt2/A | V14: St1/A | W14: St2/C | X14: OFF | Y14: St2/A | Z14: OFF | AA14: Pt2/C | AB14: Pt1/C | AC14: St2/A | AD14: St1/A | AE14: St2/C | AF14: St1/C | AG14: OFF | AH14: Pt1/A | AI14: 180 | AJ14: 7 | AK14: 13 | AL14: 5 | AM14: 5
A15: A02 | B15: Lukman Hakim | C15: LH | D15: APP | E15: St1/A | F15: St2/C | G15: St1/C | H15: DIKLAT | I15: DIKLAT | J15: DIKLAT | K15: DIKLAT | L15: DIKLAT | M15: OFF | N15: Pt2/C | O15: Pt1/C | P15: Pt2/A | Q15: St1/A | R15: St2/C | S15: St1/C | T15: OFF | U15: Pt1/A | V15: Pt2/C | W15: Pt1/C | X15: Pt2/A | Y15: Pt1/A | Z15: Pt2/C | AA15: OFF | AB15: Pt2/A | AC15: Pt1/A | AD15: St2/C | AE15: St1/C | AF15: St2/A | AG15: St1/A | AH15: OFF | AI15: 189 | AJ15: 11 | AK15: 10 | AL15: 4 | AM15: 5
... A27: G06 | B27: Xenia Marcelina | C27: XM | D27: GMC | E27: Pt1/A | F27: Pt2/C | G27: St1/C | H27: St2/A | I27: St1/A | J27: St2/C | K27: OFF | L27: Pt2/A | M27: St1/A | N27: OFF | O27: Pt1/C | P27: St2/A | Q27: St1/A | R27: OFF | S27: St1/C | T27: St2/A | U27: St1/A | V27: St2/C | W27: OFF | X27: Pt2/A | Y27: Pt1/A | Z27: Pt2/C | AA27: Pt1/C | AB27: Pt2/A | AC27: Pt1/A | AD27: OFF | AE27: Pt1/C | AF27: St2/A | AG27: St1/A | AH27: St2/C | AI27: 225 | AJ27: 11 | AK27: 14 | AL27: 5 | AM27: 0

Sheet Pelanggaran
A1: LAPORAN PELANGGARAN
A3: Jenis | B3: Jumlah
A4: KERAS | B4: 0
A5: LUNAK | B5: 96
A6: Skor Total | B6: 96
A8: Detail:
A9: [LUNAK-S3] hari-2: distribusi timpang Pagi=9 vs Siang=12 (selisih 3, maks 2)
A10: [LUNAK-S3] hari-3: distribusi timpang Pagi=8 vs Siang=13 (selisih 5, maks 2)
A11: [LUNAK-S3] hari-4: distribusi timpang Pagi=7 vs Siang=11 (selisih 4, maks 2)
A12: [LUNAK-S3] hari-6: distribusi timpang Pagi=7 vs Siang=11 (selisih 4, maks 2)
A13: [LUNAK-S3] hari-9: distribusi timpang Pagi=8 vs Siang=11 (selisih 3, maks 2)
A14: [LUNAK-S3] hari-12: distribusi timpang Pagi=7 vs Siang=11 (selisih 4, maks 2)
A15: [LUNAK-S3] hari-13: distribusi timpang Pagi=7 vs Siang=12 (selisih 5, maks 2)
A16: [LUNAK-S3] hari-16: distribusi timpang Pagi=8 vs Siang=11 (selisih 3, maks 2)
A17: [LUNAK-S3] hari-18: distribusi timpang Pagi=8 vs Siang=11 (selisih 3, maks 2)
A18: [LUNAK-S3] hari-22: distribusi timpang Pagi=6 vs Siang=14 (selisih 8, maks 2)
A19: [LUNAK-S3] hari-23: distribusi timpang Pagi=5 vs Siang=13 (selisih 8, maks 2)
... A21: [LUNAK-S3] hari-30: distribusi timpang Pagi=8 vs Siang=12 (selisih 4, maks 2)

Sheet Ringkasan
A1: EMP_ID | B1: NAMA | C1: TOTAL_JAM | D1: JML_S1 | E1: JML_S2 | F1: JML_OFF | G1: JML_CUTI | H1: PERSENTASE_KERJA
A2: =Roster!A4 | B2: =Roster!B4 | C2: =Roster!AI4 | D2: =Roster!AJ4 | E2: =Roster!AK4 | F2: =Roster!AL4 | G2: =Roster!AM4 | H2: =(D2+E2)/30
A3: =Roster!A5 | B3: =Roster!B5 | C3: =Roster!AI5 | D3: =Roster!AJ5 | E3: =Roster!AK5 | F3: =Roster!AL5 | G3: =Roster!AM5 | H3: =(D3+E3)/30
A4: =Roster!A6 | B4: =Roster!B6 | C4: =Roster!AI6 | D4: =Roster!AJ6 | E4: =Roster!AK6 | F4: =Roster!AL6 | G4: =Roster!AM6 | H4: =(D4+E4)/30
A5: =Roster!A7 | B5: =Roster!B7 | C5: =Roster!AI7 | D5: =Roster!AJ7 | E5: =Roster!AK7 | F5: =Roster!AL7 | G5: =Roster!AM7 | H5: =(D5+E5)/30
A6: =Roster!A8 | B6: =Roster!B8 | C6: =Roster!AI8 | D6: =Roster!AJ8 | E6: =Roster!AK8 | F6: =Roster!AL8 | G6: =Roster!AM8 | H6: =(D6+E6)/30
A7: =Roster!A9 | B7: =Roster!B9 | C7: =Roster!AI9 | D7: =Roster!AJ9 | E7: =Roster!AK9 | F7: =Roster!AL9 | G7: =Roster!AM9 | H7: =(D7+E7)/30
A8: =Roster!A10 | B8: =Roster!B10 | C8: =Roster!AI10 | D8: =Roster!AJ10 | E8: =Roster!AK10 | F8: =Roster!AL10 | G8: =Roster!AM10 | H8: =(D8+E8)/30
A9: =Roster!A11 | B9: =Roster!B11 | C9: =Roster!AI11 | D9: =Roster!AJ11 | E9: =Roster!AK11 | F9: =Roster!AL11 | G9: =Roster!AM11 | H9: =(D9+E9)/30
A10: =Roster!A12 | B10: =Roster!B12 | C10: =Roster!AI12 | D10: =Roster!AJ12 | E10: =Roster!AK12 | F10: =Roster!AL12 | G10: =Roster!AM12 | H10: =(D10+E10)/30
A11: =Roster!A13 | B11: =Roster!B13 | C11: =Roster!AI13 | D11: =Roster!AJ13 | E11: =Roster!AK13 | F11: =Roster!AL13 | G11: =Roster!AM13 | H11: =(D11+E11)/30
A12: =Roster!A14 | B12: =Roster!B14 | C12: =Roster!AI14 | D12: =Roster!AJ14 | E12: =Roster!AK14 | F12: =Roster!AL14 | G12: =Roster!AM14 | H12: =(D12+E12)/30
A13: =Roster!A15 | B13: =Roster!B15 | C13: =Roster!AI15 | D13: =Roster!AJ15 | E13: =Roster!AK15 | F13: =Roster!AL15 | G13: =Roster!AM15 | H13: =(D13+E13)/30
... A25: =Roster!A27 | B25: =Roster!B27 | C25: =Roster!AI27 | D25: =Roster!AJ27 | E25: =Roster!AK27 | F25: =Roster!AL27 | G25: =Roster!AM27 | H25: =(D25+E25)/30
B26: TOTAL | C26: =SUM(C2:C25) | D26: =SUM(D2:D25) | E26: =SUM(E2:E25) | F26: =SUM(F2:F25) | G26: =SUM(G2:G25)
